{"cameraMode":{"drawMode":0,"name":"Shaded","section":"Shading Mode"},"sceneLighting":true,"audioPlay":false,"sceneViewState":{"m_AlwaysRefresh":false,"showFog":true,"showSkybox":false,"showFlares":true,"showImageEffects":true,"showParticleSystems":true,"showVisualEffectGraphs":true,"m_FxEnabled":true},"in2DMode":false,"pivot":{"x":0.24502897262573243,"y":1.138780951499939,"z":23.247909545898439},"rotation":{"x":0.11359669268131256,"y":-0.8132402896881104,"z":0.1695140153169632,"w":0.5449793338775635},"size":6.3799872398376469,"orthographic":false}