{"cameraMode":{"drawMode":0,"name":"Shaded","section":"Shading Mode"},"sceneLighting":true,"audioPlay":false,"sceneViewState":{"m_AlwaysRefresh":false,"showFog":true,"showSkybox":true,"showFlares":true,"showImageEffects":true,"showParticleSystems":true,"showVisualEffectGraphs":true,"m_FxEnabled":true},"in2DMode":false,"pivot":{"x":0.8510112762451172,"y":-0.4908367395401001,"z":9.332124710083008},"rotation":{"x":0.012333480641245842,"y":-0.8749393224716187,"z":0.02231588214635849,"w":0.48356136679649355},"size":4.971347332000732,"orthographic":false}