{"cameraMode":{"drawMode":0,"name":"Shaded","section":"Shading Mode"},"sceneLighting":true,"audioPlay":false,"sceneViewState":{"m_AlwaysRefresh":false,"showFog":true,"showSkybox":true,"showFlares":true,"showImageEffects":true,"showParticleSystems":true,"showVisualEffectGraphs":true,"m_FxEnabled":true},"in2DMode":false,"pivot":{"x":-0.892149806022644,"y":-0.1031915694475174,"z":6.699999809265137},"rotation":{"x":0.13600918650627137,"y":0.03120185062289238,"z":-0.0042859832756221298,"w":0.9902086853981018},"size":1.0755949020385743,"orthographic":false}