{"cameraMode":{"drawMode":0,"name":"Shaded","section":"Shading Mode"},"sceneLighting":true,"audioPlay":false,"sceneViewState":{"m_AlwaysRefresh":false,"showFog":true,"showSkybox":true,"showFlares":true,"showImageEffects":true,"showParticleSystems":true,"showVisualEffectGraphs":true,"m_FxEnabled":true},"in2DMode":false,"pivot":{"x":5.340594291687012,"y":8.015186309814454,"z":11.791207313537598},"rotation":{"x":0.7185800075531006,"y":-0.011472648940980435,"z":0.011857649311423302,"w":0.6952494382858276},"size":30.43646812438965,"orthographic":false}