{"cameraMode":{"drawMode":0,"name":"Shaded","section":"Shading Mode"},"sceneLighting":true,"audioPlay":false,"sceneViewState":{"m_AlwaysRefresh":false,"showFog":true,"showSkybox":true,"showFlares":true,"showImageEffects":true,"showParticleSystems":true,"showVisualEffectGraphs":true,"m_FxEnabled":true},"in2DMode":false,"pivot":{"x":2.314284563064575,"y":-0.3661439120769501,"z":0.7271971702575684},"rotation":{"x":0.08986982703208924,"y":-0.5310364365577698,"z":0.056770239025354388,"w":0.8406556248664856},"size":5.164273262023926,"orthographic":false}