{"cameraMode":{"drawMode":0,"name":"Shaded","section":"Shading Mode"},"sceneLighting":true,"audioPlay":false,"sceneViewState":{"m_AlwaysRefresh":false,"showFog":true,"showSkybox":true,"showFlares":true,"showImageEffects":true,"showParticleSystems":true,"showVisualEffectGraphs":true,"m_FxEnabled":true},"in2DMode":false,"pivot":{"x":-0.9169999957084656,"y":0.42500001192092898,"z":19.984909057617189},"rotation":{"x":-0.04449799656867981,"y":0.7219523787498474,"z":-0.0466306135058403,"w":-0.6889342665672302},"size":0.8660253882408142,"orthographic":false}