{"cameraMode":{"drawMode":0,"name":"Shaded","section":"Shading Mode"},"sceneLighting":true,"audioPlay":false,"sceneViewState":{"m_AlwaysRefresh":false,"showFog":true,"showSkybox":true,"showFlares":true,"showImageEffects":true,"showParticleSystems":true,"showVisualEffectGraphs":true,"m_FxEnabled":true},"in2DMode":false,"pivot":{"x":-0.06566561013460159,"y":0.2981709837913513,"z":0.42513328790664675},"rotation":{"x":0.04140922799706459,"y":0.3903101980686188,"z":-0.017575832083821298,"w":0.9195837378501892},"size":0.19722573459148408,"orthographic":false}