{"cameraMode":{"drawMode":0,"name":"Shaded","section":"Shading Mode"},"sceneLighting":true,"audioPlay":false,"sceneViewState":{"m_AlwaysRefresh":false,"showFog":true,"showSkybox":true,"showFlares":true,"showImageEffects":true,"showParticleSystems":true,"showVisualEffectGraphs":true,"m_FxEnabled":true},"in2DMode":false,"pivot":{"x":11.410560607910157,"y":0.12621653079986573,"z":-5.787197113037109},"rotation":{"x":0.3891298770904541,"y":-0.029286004602909089,"z":0.01237858273088932,"w":0.9206353425979614},"size":13.049832344055176,"orthographic":false}